block,tray,row,column,family,original_order,plantID,label_colour
1,1,B,1,F2.03,7,F2.03.001,orange
1,1,G,4,F2.03,26,F2.03.002,orange
1,1,F,5,F2.03,35,F2.03.003,orange
1,1,B,5,F2.03,39,F2.03.004,orange
1,1,A,5,F2.03,40,F2.03.005,orange
1,1,G,6,F2.03,42,F2.03.006,orange
1,1,E,6,F2.03,44,F2.03.007,orange
1,1,C,6,F2.03,46,F2.03.008,orange
1,2,A,8,F2.03,64,F2.03.009,orange
1,2,E,9,F2.03,68,F2.03.010,orange
1,2,H,12,F2.03,89,F2.03.011,orange
1,2,F,12,F2.03,91,F2.03.012,orange
1,2,B,12,F2.03,95,F2.03.013,orange
2,3,H,1,F2.03,97,F2.03.014,orange
2,3,B,1,F2.03,103,F2.03.015,orange
2,3,G,2,F2.03,106,F2.03.016,orange
2,3,D,4,F2.03,125,F2.03.017,orange
2,3,G,5,F2.03,130,F2.03.018,orange
2,4,B,7,F2.03,151,F2.03.019,orange
2,4,F,9,F2.03,163,F2.03.020,orange
2,4,C,9,F2.03,166,F2.03.021,orange
2,4,B,9,F2.03,167,F2.03.022,orange
2,4,D,10,F2.03,173,F2.03.023,orange
2,4,H,11,F2.03,177,F2.03.024,orange
2,4,D,11,F2.03,181,F2.03.025,orange
2,4,G,12,F2.03,186,F2.03.026,orange
3,5,E,1,F2.03,196,F2.03.027,orange
3,5,B,3,F2.03,215,F2.03.028,orange
3,5,A,4,F2.03,224,F2.03.029,orange
3,5,E,6,F2.03,236,F2.03.030,orange
3,5,D,6,F2.03,237,F2.03.031,orange
3,5,B,6,F2.03,239,F2.03.032,orange
3,6,H,7,F2.03,241,F2.03.033,orange
3,6,D,9,F2.03,261,F2.03.034,orange
3,6,B,9,F2.03,263,F2.03.035,orange
3,6,A,10,F2.03,272,F2.03.036,orange
3,6,C,11,F2.03,278,F2.03.037,orange
3,6,B,12,F2.03,287,F2.03.038,orange
3,6,A,12,F2.03,288,F2.03.039,orange
4,7,E,2,F2.03,300,F2.03.040,orange
4,7,D,2,F2.03,301,F2.03.041,orange
4,7,C,2,F2.03,302,F2.03.042,orange
4,7,E,3,F2.03,308,F2.03.043,orange
4,7,D,3,F2.03,309,F2.03.044,orange
4,7,H,4,F2.03,313,F2.03.045,orange
4,8,G,7,F2.03,338,F2.03.046,orange
4,8,G,8,F2.03,346,F2.03.047,orange
4,8,C,8,F2.03,350,F2.03.048,orange
4,8,B,9,F2.03,359,F2.03.049,orange
4,8,H,11,F2.03,369,F2.03.050,orange
4,8,C,11,F2.03,374,F2.03.051,orange
4,8,C,12,F2.03,382,F2.03.052,orange
5,9,E,2,F2.03,396,F2.03.053,orange
5,9,G,3,F2.03,402,F2.03.054,orange
5,9,D,3,F2.03,405,F2.03.055,orange
5,9,H,4,F2.03,409,F2.03.056,orange
5,9,B,4,F2.03,415,F2.03.057,orange
5,9,C,6,F2.03,430,F2.03.058,orange
5,10,G,7,F2.03,434,F2.03.059,orange
5,10,E,7,F2.03,436,F2.03.060,orange
5,10,B,7,F2.03,439,F2.03.061,orange
5,10,E,8,F2.03,444,F2.03.062,orange
5,10,C,10,F2.03,462,F2.03.063,orange
5,10,C,12,F2.03,478,F2.03.064,orange
5,10,B,12,F2.03,479,F2.03.065,orange
6,11,F,1,F2.03,483,F2.03.066,orange
6,11,D,1,F2.03,485,F2.03.067,orange
6,11,F,2,F2.03,491,F2.03.068,orange
6,11,C,4,F2.03,510,F2.03.069,orange
6,11,G,5,F2.03,514,F2.03.070,orange
6,11,F,5,F2.03,515,F2.03.071,orange
6,11,H,6,F2.03,521,F2.03.072,orange
6,12,A,8,F2.03,544,F2.03.073,orange
6,12,G,9,F2.03,546,F2.03.074,orange
6,12,F,9,F2.03,547,F2.03.075,orange
6,12,B,9,F2.03,551,F2.03.076,orange
6,12,G,10,F2.03,554,F2.03.077,orange
6,12,F,12,F2.03,571,F2.03.078,orange
7,13,H,1,F2.03,577,F2.03.079,orange
7,13,G,1,F2.03,578,F2.03.080,orange
7,13,D,1,F2.03,581,F2.03.081,orange
7,13,A,1,F2.03,584,F2.03.082,orange
7,13,F,2,F2.03,587,F2.03.083,orange
7,13,A,2,F2.03,592,F2.03.084,orange
7,13,H,3,F2.03,593,F2.03.085,orange
7,13,D,4,F2.03,605,F2.03.086,orange
7,13,C,4,F2.03,606,F2.03.087,orange
7,14,B,8,F2.03,639,F2.03.088,orange
7,14,D,10,F2.03,653,F2.03.089,orange
7,14,B,11,F2.03,663,F2.03.090,orange
7,14,F,12,F2.03,667,F2.03.091,orange
8,15,D,1,F2.03,677,F2.03.092,orange
8,15,C,1,F2.03,678,F2.03.093,orange
8,15,H,3,F2.03,689,F2.03.094,orange
8,15,G,3,F2.03,690,F2.03.095,orange
8,15,F,3,F2.03,691,F2.03.096,orange
8,15,F,6,F2.03,715,F2.03.097,orange
8,16,C,7,F2.03,726,F2.03.098,orange
8,16,E,8,F2.03,732,F2.03.099,orange
8,16,E,9,F2.03,740,F2.03.100,orange
8,16,G,10,F2.03,746,F2.03.101,orange
8,16,B,11,F2.03,759,F2.03.102,orange
8,16,C,12,F2.03,766,F2.03.103,orange
8,16,A,12,F2.03,768,F2.03.104,orange
9,17,H,1,F2.03,769,F2.03.105,orange
9,17,A,2,F2.03,784,F2.03.106,orange
9,17,C,3,F2.03,790,F2.03.107,orange
9,17,A,3,F2.03,792,F2.03.108,orange
9,17,G,4,F2.03,794,F2.03.109,orange
9,17,A,4,F2.03,800,F2.03.110,orange
9,17,A,5,F2.03,808,F2.03.111,orange
9,18,F,7,F2.03,819,F2.03.112,orange
9,18,C,8,F2.03,830,F2.03.113,orange
9,18,A,8,F2.03,832,F2.03.114,orange
9,18,G,10,F2.03,842,F2.03.115,orange
9,18,E,10,F2.03,844,F2.03.116,orange
9,18,A,12,F2.03,864,F2.03.117,orange
10,19,C,1,F2.03,870,F2.03.118,orange
10,19,D,2,F2.03,877,F2.03.119,orange
10,19,B,2,F2.03,879,F2.03.120,orange
10,19,A,2,F2.03,880,F2.03.121,orange
10,19,H,4,F2.03,889,F2.03.122,orange
10,19,C,4,F2.03,894,F2.03.123,orange
10,19,H,5,F2.03,897,F2.03.124,orange
10,19,F,5,F2.03,899,F2.03.125,orange
10,20,H,8,F2.03,921,F2.03.126,orange
10,20,B,8,F2.03,927,F2.03.127,orange
10,20,F,9,F2.03,931,F2.03.128,orange
10,20,A,9,F2.03,936,F2.03.129,orange
10,20,F,10,F2.03,939,F2.03.130,orange
11,21,H,1,F2.03,961,F2.03.131,orange
11,21,E,1,F2.03,964,F2.03.132,orange
11,21,B,1,F2.03,967,F2.03.133,orange
11,21,A,3,F2.03,984,F2.03.134,orange
11,21,H,5,F2.03,993,F2.03.135,orange
11,21,C,5,F2.03,998,F2.03.136,orange
11,22,E,8,F2.03,1020,F2.03.137,orange
11,22,D,8,F2.03,1021,F2.03.138,orange
11,22,D,9,F2.03,1029,F2.03.139,orange
11,22,A,10,F2.03,1040,F2.03.140,orange
11,22,H,11,F2.03,1041,F2.03.141,orange
11,22,A,11,F2.03,1048,F2.03.142,orange
11,22,B,12,F2.03,1055,F2.03.143,orange
12,23,H,1,F2.03,1057,F2.03.144,orange
12,23,A,2,F2.03,1072,F2.03.145,orange
12,23,H,3,F2.03,1073,F2.03.146,orange
12,23,G,3,F2.03,1074,F2.03.147,orange
12,23,H,6,F2.03,1097,F2.03.148,orange
12,23,D,6,F2.03,1101,F2.03.149,orange
12,23,B,6,F2.03,1103,F2.03.150,orange
12,24,H,7,F2.03,1105,F2.03.151,orange
12,24,G,8,F2.03,1114,F2.03.152,orange
12,24,F,9,F2.03,1123,F2.03.153,orange
12,24,H,10,F2.03,1129,F2.03.154,orange
12,24,A,10,F2.03,1136,F2.03.155,orange
12,24,C,12,F2.03,1150,F2.03.156,orange
13,25,G,2,F2.03,1162,F2.03.157,orange
13,25,E,2,F2.03,1164,F2.03.158,orange
13,25,C,2,F2.03,1166,F2.03.159,orange
13,25,F,5,F2.03,1187,F2.03.160,orange
13,25,G,6,F2.03,1194,F2.03.161,orange
13,25,B,6,F2.03,1199,F2.03.162,orange
13,26,H,9,F2.03,1217,F2.03.163,orange
13,26,G,9,F2.03,1218,F2.03.164,orange
13,26,F,9,F2.03,1219,F2.03.165,orange
13,26,A,9,F2.03,1224,F2.03.166,orange
13,26,E,11,F2.03,1236,F2.03.167,orange
13,26,E,12,F2.03,1244,F2.03.168,orange
13,26,B,12,F2.03,1247,F2.03.169,orange
14,27,A,1,F2.03,1256,F2.03.170,orange
14,27,D,3,F2.03,1269,F2.03.171,orange
14,27,A,3,F2.03,1272,F2.03.172,orange
14,27,D,4,F2.03,1277,F2.03.173,orange
14,27,E,5,F2.03,1284,F2.03.174,orange
14,27,B,5,F2.03,1287,F2.03.175,orange
14,28,A,7,F2.03,1304,F2.03.176,orange
14,28,H,10,F2.03,1321,F2.03.177,orange
14,28,F,10,F2.03,1323,F2.03.178,orange
14,28,H,11,F2.03,1329,F2.03.179,orange
14,28,H,12,F2.03,1337,F2.03.180,orange
14,28,F,12,F2.03,1339,F2.03.181,orange
14,28,B,12,F2.03,1343,F2.03.182,orange
15,29,F,1,F2.03,1347,F2.03.183,orange
15,29,F,2,F2.03,1355,F2.03.184,orange
15,29,F,3,F2.03,1363,F2.03.185,orange
15,29,G,4,F2.03,1370,F2.03.186,orange
15,29,F,4,F2.03,1371,F2.03.187,orange
15,29,B,4,F2.03,1375,F2.03.188,orange
15,29,G,6,F2.03,1386,F2.03.189,orange
15,29,F,6,F2.03,1387,F2.03.190,orange
15,30,F,9,F2.03,1411,F2.03.191,orange
15,30,E,10,F2.03,1420,F2.03.192,orange
15,30,A,10,F2.03,1424,F2.03.193,orange
15,30,G,12,F2.03,1434,F2.03.194,orange
15,30,F,12,F2.03,1435,F2.03.195,orange
1,1,E,1,F2.05,4,F2.05.001,blue
1,1,F,2,F2.05,11,F2.05.002,blue
1,1,A,3,F2.05,24,F2.05.003,blue
1,1,D,4,F2.05,29,F2.05.004,blue
1,1,B,6,F2.05,47,F2.05.005,blue
1,2,G,8,F2.05,58,F2.05.006,blue
1,2,F,9,F2.05,67,F2.05.007,blue
1,2,B,9,F2.05,71,F2.05.008,blue
1,2,H,10,F2.05,73,F2.05.009,blue
1,2,G,10,F2.05,74,F2.05.010,blue
1,2,F,10,F2.05,75,F2.05.011,blue
1,2,E,11,F2.05,84,F2.05.012,blue
1,2,A,11,F2.05,88,F2.05.013,blue
2,3,G,1,F2.05,98,F2.05.014,blue
2,3,F,1,F2.05,99,F2.05.015,blue
2,3,H,3,F2.05,113,F2.05.016,blue
2,3,B,3,F2.05,119,F2.05.017,blue
2,3,B,4,F2.05,127,F2.05.018,blue
2,3,F,5,F2.05,131,F2.05.019,blue
2,3,A,5,F2.05,136,F2.05.020,blue
2,4,E,7,F2.05,148,F2.05.021,blue
2,4,A,10,F2.05,176,F2.05.022,blue
2,4,G,11,F2.05,178,F2.05.023,blue
2,4,F,11,F2.05,179,F2.05.024,blue
2,4,E,11,F2.05,180,F2.05.025,blue
2,4,A,11,F2.05,184,F2.05.026,blue
3,5,D,1,F2.05,197,F2.05.027,blue
3,5,C,1,F2.05,198,F2.05.028,blue
3,5,G,2,F2.05,202,F2.05.029,blue
3,5,A,2,F2.05,208,F2.05.030,blue
3,5,G,3,F2.05,210,F2.05.031,blue
3,5,D,4,F2.05,221,F2.05.032,blue
3,5,H,5,F2.05,225,F2.05.033,blue
3,5,B,5,F2.05,231,F2.05.034,blue
3,6,A,7,F2.05,248,F2.05.035,blue
3,6,G,8,F2.05,250,F2.05.036,blue
3,6,E,10,F2.05,268,F2.05.037,blue
3,6,D,10,F2.05,269,F2.05.038,blue
3,6,B,10,F2.05,271,F2.05.039,blue
4,7,F,2,F2.05,299,F2.05.040,blue
4,7,A,2,F2.05,304,F2.05.041,blue
4,7,C,5,F2.05,326,F2.05.042,blue
4,7,A,6,F2.05,336,F2.05.043,blue
4,8,H,7,F2.05,337,F2.05.044,blue
4,8,A,7,F2.05,344,F2.05.045,blue
4,8,G,9,F2.05,354,F2.05.046,blue
4,8,A,9,F2.05,360,F2.05.047,blue
4,8,F,10,F2.05,363,F2.05.048,blue
4,8,E,10,F2.05,364,F2.05.049,blue
4,8,B,11,F2.05,375,F2.05.050,blue
4,8,E,12,F2.05,380,F2.05.051,blue
4,8,D,12,F2.05,381,F2.05.052,blue
5,9,A,1,F2.05,392,F2.05.053,blue
5,9,H,2,F2.05,393,F2.05.054,blue
5,9,C,2,F2.05,398,F2.05.055,blue
5,9,A,3,F2.05,408,F2.05.056,blue
5,9,G,4,F2.05,410,F2.05.057,blue
5,9,D,5,F2.05,421,F2.05.058,blue
5,10,F,7,F2.05,435,F2.05.059,blue
5,10,C,8,F2.05,446,F2.05.060,blue
5,10,B,8,F2.05,447,F2.05.061,blue
5,10,C,9,F2.05,454,F2.05.062,blue
5,10,D,10,F2.05,461,F2.05.063,blue
5,10,B,11,F2.05,471,F2.05.064,blue
5,10,H,12,F2.05,473,F2.05.065,blue
6,11,B,1,F2.05,487,F2.05.066,blue
6,11,E,2,F2.05,492,F2.05.067,blue
6,11,D,2,F2.05,493,F2.05.068,blue
6,11,A,2,F2.05,496,F2.05.069,blue
6,11,A,3,F2.05,504,F2.05.070,blue
6,11,E,4,F2.05,508,F2.05.071,blue
6,11,D,5,F2.05,517,F2.05.072,blue
6,11,A,6,F2.05,528,F2.05.073,blue
6,12,G,8,F2.05,538,F2.05.074,blue
6,12,H,9,F2.05,545,F2.05.075,blue
6,12,E,11,F2.05,564,F2.05.076,blue
6,12,C,11,F2.05,566,F2.05.077,blue
6,12,H,12,F2.05,569,F2.05.078,blue
7,13,C,1,F2.05,582,F2.05.079,blue
7,13,C,3,F2.05,598,F2.05.080,blue
7,13,A,4,F2.05,608,F2.05.081,blue
7,13,G,5,F2.05,610,F2.05.082,blue
7,13,A,5,F2.05,616,F2.05.083,blue
7,13,D,6,F2.05,621,F2.05.084,blue
7,13,B,6,F2.05,623,F2.05.085,blue
7,14,F,9,F2.05,643,F2.05.086,blue
7,14,A,9,F2.05,648,F2.05.087,blue
7,14,H,10,F2.05,649,F2.05.088,blue
7,14,E,11,F2.05,660,F2.05.089,blue
7,14,D,11,F2.05,661,F2.05.090,blue
7,14,A,12,F2.05,672,F2.05.091,blue
8,15,F,2,F2.05,683,F2.05.092,blue
8,15,D,2,F2.05,685,F2.05.093,blue
8,15,E,3,F2.05,692,F2.05.094,blue
8,15,F,5,F2.05,707,F2.05.095,blue
8,15,C,6,F2.05,718,F2.05.096,blue
8,15,B,6,F2.05,719,F2.05.097,blue
8,16,A,8,F2.05,736,F2.05.098,blue
8,16,G,9,F2.05,738,F2.05.099,blue
8,16,F,9,F2.05,739,F2.05.100,blue
8,16,D,9,F2.05,741,F2.05.101,blue
8,16,H,10,F2.05,745,F2.05.102,blue
8,16,G,12,F2.05,762,F2.05.103,blue
8,16,B,12,F2.05,767,F2.05.104,blue
9,17,F,2,F2.05,779,F2.05.105,blue
9,17,D,2,F2.05,781,F2.05.106,blue
9,17,H,3,F2.05,785,F2.05.107,blue
9,17,G,3,F2.05,786,F2.05.108,blue
9,17,E,3,F2.05,788,F2.05.109,blue
9,17,F,4,F2.05,795,F2.05.110,blue
9,17,B,6,F2.05,815,F2.05.111,blue
9,18,C,7,F2.05,822,F2.05.112,blue
9,18,H,8,F2.05,825,F2.05.113,blue
9,18,C,9,F2.05,838,F2.05.114,blue
9,18,D,10,F2.05,845,F2.05.115,blue
9,18,C,10,F2.05,846,F2.05.116,blue
9,18,B,12,F2.05,863,F2.05.117,blue
10,19,H,1,F2.05,865,F2.05.118,blue
10,19,E,2,F2.05,876,F2.05.119,blue
10,19,C,2,F2.05,878,F2.05.120,blue
10,19,E,3,F2.05,884,F2.05.121,blue
10,19,B,6,F2.05,911,F2.05.122,blue
10,20,H,7,F2.05,913,F2.05.123,blue
10,20,A,7,F2.05,920,F2.05.124,blue
10,20,G,8,F2.05,922,F2.05.125,blue
10,20,F,8,F2.05,923,F2.05.126,blue
10,20,G,9,F2.05,930,F2.05.127,blue
10,20,B,9,F2.05,935,F2.05.128,blue
10,20,E,10,F2.05,940,F2.05.129,blue
10,20,E,12,F2.05,956,F2.05.130,blue
11,21,G,2,F2.05,970,F2.05.131,blue
11,21,F,3,F2.05,979,F2.05.132,blue
11,21,B,4,F2.05,991,F2.05.133,blue
11,21,A,4,F2.05,992,F2.05.134,blue
11,21,E,5,F2.05,996,F2.05.135,blue
11,21,D,6,F2.05,1005,F2.05.136,blue
11,21,B,6,F2.05,1007,F2.05.137,blue
11,22,G,7,F2.05,1010,F2.05.138,blue
11,22,G,9,F2.05,1026,F2.05.139,blue
11,22,E,9,F2.05,1028,F2.05.140,blue
11,22,G,11,F2.05,1042,F2.05.141,blue
11,22,C,11,F2.05,1046,F2.05.142,blue
11,22,H,12,F2.05,1049,F2.05.143,blue
12,23,F,1,F2.05,1059,F2.05.144,blue
12,23,H,2,F2.05,1065,F2.05.145,blue
12,23,C,2,F2.05,1070,F2.05.146,blue
12,23,C,3,F2.05,1078,F2.05.147,blue
12,23,C,6,F2.05,1102,F2.05.148,blue
12,24,G,7,F2.05,1106,F2.05.149,blue
12,24,C,7,F2.05,1110,F2.05.150,blue
12,24,F,8,F2.05,1115,F2.05.151,blue
12,24,A,8,F2.05,1120,F2.05.152,blue
12,24,B,9,F2.05,1127,F2.05.153,blue
12,24,A,9,F2.05,1128,F2.05.154,blue
12,24,G,10,F2.05,1130,F2.05.155,blue
12,24,G,12,F2.05,1146,F2.05.156,blue
13,25,F,1,F2.05,1155,F2.05.157,blue
13,25,C,1,F2.05,1158,F2.05.158,blue
13,25,B,1,F2.05,1159,F2.05.159,blue
13,25,A,1,F2.05,1160,F2.05.160,blue
13,25,D,2,F2.05,1165,F2.05.161,blue
13,25,B,3,F2.05,1175,F2.05.162,blue
13,25,G,4,F2.05,1178,F2.05.163,blue
13,25,D,4,F2.05,1181,F2.05.164,blue
13,25,E,5,F2.05,1188,F2.05.165,blue
13,25,D,6,F2.05,1197,F2.05.166,blue
13,26,A,7,F2.05,1208,F2.05.167,blue
13,26,D,8,F2.05,1213,F2.05.168,blue
13,26,A,11,F2.05,1240,F2.05.169,blue
14,27,H,2,F2.05,1257,F2.05.170,blue
14,27,F,5,F2.05,1283,F2.05.171,blue
14,27,D,6,F2.05,1293,F2.05.172,blue
14,27,A,6,F2.05,1296,F2.05.173,blue
14,28,H,7,F2.05,1297,F2.05.174,blue
14,28,E,8,F2.05,1308,F2.05.175,blue
14,28,H,9,F2.05,1313,F2.05.176,blue
14,28,D,9,F2.05,1317,F2.05.177,blue
14,28,A,9,F2.05,1320,F2.05.178,blue
14,28,B,10,F2.05,1327,F2.05.179,blue
14,28,C,11,F2.05,1334,F2.05.180,blue
14,28,D,12,F2.05,1341,F2.05.181,blue
14,28,A,12,F2.05,1344,F2.05.182,blue
15,29,E,3,F2.05,1364,F2.05.183,blue
15,29,D,3,F2.05,1365,F2.05.184,blue
15,29,A,3,F2.05,1368,F2.05.185,blue
15,29,E,6,F2.05,1388,F2.05.186,blue
15,29,B,6,F2.05,1391,F2.05.187,blue
15,30,D,7,F2.05,1397,F2.05.188,blue
15,30,C,7,F2.05,1398,F2.05.189,blue
15,30,B,7,F2.05,1399,F2.05.190,blue
15,30,A,7,F2.05,1400,F2.05.191,blue
15,30,H,9,F2.05,1409,F2.05.192,blue
15,30,D,11,F2.05,1429,F2.05.193,blue
15,30,C,12,F2.05,1438,F2.05.194,blue
15,30,A,12,F2.05,1440,F2.05.195,blue
1,1,D,1,F2.16,5,F2.16.001,green
1,1,G,2,F2.16,10,F2.16.002,green
1,1,E,2,F2.16,12,F2.16.003,green
1,1,G,3,F2.16,18,F2.16.004,green
1,1,F,3,F2.16,19,F2.16.005,green
1,1,E,4,F2.16,28,F2.16.006,green
1,1,H,6,F2.16,41,F2.16.007,green
1,1,F,6,F2.16,43,F2.16.008,green
1,2,H,7,F2.16,49,F2.16.009,green
1,2,G,7,F2.16,50,F2.16.010,green
1,2,C,7,F2.16,54,F2.16.011,green
1,2,E,8,F2.16,60,F2.16.012,green
1,2,A,10,F2.16,80,F2.16.013,green
2,3,E,2,F2.16,108,F2.16.014,green
2,3,G,4,F2.16,122,F2.16.015,green
2,3,C,4,F2.16,126,F2.16.016,green
2,3,H,6,F2.16,137,F2.16.017,green
2,3,F,6,F2.16,139,F2.16.018,green
2,4,A,7,F2.16,152,F2.16.019,green
2,4,D,8,F2.16,157,F2.16.020,green
2,4,C,8,F2.16,158,F2.16.021,green
2,4,A,9,F2.16,168,F2.16.022,green
2,4,F,10,F2.16,171,F2.16.023,green
2,4,H,12,F2.16,185,F2.16.024,green
2,4,F,12,F2.16,187,F2.16.025,green
2,4,D,12,F2.16,189,F2.16.026,green
3,5,H,2,F2.16,201,F2.16.027,green
3,5,F,2,F2.16,203,F2.16.028,green
3,5,B,4,F2.16,223,F2.16.029,green
3,5,F,5,F2.16,227,F2.16.030,green
3,5,C,5,F2.16,230,F2.16.031,green
3,5,F,6,F2.16,235,F2.16.032,green
3,6,G,7,F2.16,242,F2.16.033,green
3,6,F,8,F2.16,251,F2.16.034,green
3,6,B,8,F2.16,255,F2.16.035,green
3,6,F,9,F2.16,259,F2.16.036,green
3,6,C,9,F2.16,262,F2.16.037,green
3,6,G,10,F2.16,266,F2.16.038,green
3,6,E,12,F2.16,284,F2.16.039,green
4,7,E,1,F2.16,292,F2.16.040,green
4,7,C,1,F2.16,294,F2.16.041,green
4,7,F,3,F2.16,307,F2.16.042,green
4,7,A,4,F2.16,320,F2.16.043,green
4,7,F,5,F2.16,323,F2.16.044,green
4,7,G,6,F2.16,330,F2.16.045,green
4,8,B,8,F2.16,351,F2.16.046,green
4,8,A,8,F2.16,352,F2.16.047,green
4,8,F,9,F2.16,355,F2.16.048,green
4,8,G,10,F2.16,362,F2.16.049,green
4,8,G,11,F2.16,370,F2.16.050,green
4,8,D,11,F2.16,373,F2.16.051,green
4,8,A,11,F2.16,376,F2.16.052,green
5,9,D,2,F2.16,397,F2.16.053,green
5,9,B,2,F2.16,399,F2.16.054,green
5,9,F,3,F2.16,403,F2.16.055,green
5,9,E,5,F2.16,420,F2.16.056,green
5,9,A,6,F2.16,432,F2.16.057,green
5,10,C,7,F2.16,438,F2.16.058,green
5,10,F,8,F2.16,443,F2.16.059,green
5,10,D,8,F2.16,445,F2.16.060,green
5,10,G,9,F2.16,450,F2.16.061,green
5,10,E,9,F2.16,452,F2.16.062,green
5,10,A,9,F2.16,456,F2.16.063,green
5,10,F,10,F2.16,459,F2.16.064,green
5,10,G,12,F2.16,474,F2.16.065,green
6,11,C,1,F2.16,486,F2.16.066,green
6,11,A,1,F2.16,488,F2.16.067,green
6,11,G,2,F2.16,490,F2.16.068,green
6,11,G,3,F2.16,498,F2.16.069,green
6,11,B,3,F2.16,503,F2.16.070,green
6,11,F,4,F2.16,507,F2.16.071,green
6,11,E,6,F2.16,524,F2.16.072,green
6,11,D,6,F2.16,525,F2.16.073,green
6,11,B,6,F2.16,527,F2.16.074,green
6,12,H,8,F2.16,537,F2.16.075,green
6,12,E,10,F2.16,556,F2.16.076,green
6,12,C,10,F2.16,558,F2.16.077,green
6,12,D,12,F2.16,573,F2.16.078,green
7,13,B,4,F2.16,607,F2.16.079,green
7,13,H,5,F2.16,609,F2.16.080,green
7,13,F,5,F2.16,611,F2.16.081,green
7,13,E,5,F2.16,612,F2.16.082,green
7,13,H,6,F2.16,617,F2.16.083,green
7,14,F,7,F2.16,627,F2.16.084,green
7,14,C,7,F2.16,630,F2.16.085,green
7,14,F,8,F2.16,635,F2.16.086,green
7,14,G,9,F2.16,642,F2.16.087,green
7,14,A,10,F2.16,656,F2.16.088,green
7,14,H,11,F2.16,657,F2.16.089,green
7,14,H,12,F2.16,665,F2.16.090,green
7,14,C,12,F2.16,670,F2.16.091,green
8,15,C,2,F2.16,686,F2.16.092,green
8,15,H,5,F2.16,705,F2.16.093,green
8,15,C,5,F2.16,710,F2.16.094,green
8,16,G,7,F2.16,722,F2.16.095,green
8,16,E,7,F2.16,724,F2.16.096,green
8,16,B,7,F2.16,727,F2.16.097,green
8,16,F,8,F2.16,731,F2.16.098,green
8,16,D,8,F2.16,733,F2.16.099,green
8,16,B,8,F2.16,735,F2.16.100,green
8,16,F,10,F2.16,747,F2.16.101,green
8,16,G,11,F2.16,754,F2.16.102,green
8,16,D,11,F2.16,757,F2.16.103,green
8,16,D,12,F2.16,765,F2.16.104,green
9,17,G,2,F2.16,778,F2.16.105,green
9,17,E,2,F2.16,780,F2.16.106,green
9,17,C,2,F2.16,782,F2.16.107,green
9,17,H,5,F2.16,801,F2.16.108,green
9,17,G,5,F2.16,802,F2.16.109,green
9,17,C,5,F2.16,806,F2.16.110,green
9,18,H,7,F2.16,817,F2.16.111,green
9,18,A,7,F2.16,824,F2.16.112,green
9,18,F,8,F2.16,827,F2.16.113,green
9,18,G,11,F2.16,850,F2.16.114,green
9,18,B,11,F2.16,855,F2.16.115,green
9,18,H,12,F2.16,857,F2.16.116,green
9,18,E,12,F2.16,860,F2.16.117,green
10,19,A,1,F2.16,872,F2.16.118,green
10,19,F,2,F2.16,875,F2.16.119,green
10,19,F,3,F2.16,883,F2.16.120,green
10,19,F,4,F2.16,891,F2.16.121,green
10,19,G,5,F2.16,898,F2.16.122,green
10,19,D,5,F2.16,901,F2.16.123,green
10,19,G,6,F2.16,906,F2.16.124,green
10,19,D,6,F2.16,909,F2.16.125,green
10,20,E,7,F2.16,916,F2.16.126,green
10,20,C,7,F2.16,918,F2.16.127,green
10,20,F,11,F2.16,947,F2.16.128,green
10,20,A,11,F2.16,952,F2.16.129,green
10,20,B,12,F2.16,959,F2.16.130,green
11,21,C,1,F2.16,966,F2.16.131,green
11,21,G,3,F2.16,978,F2.16.132,green
11,21,C,3,F2.16,982,F2.16.133,green
11,21,B,3,F2.16,983,F2.16.134,green
11,21,H,6,F2.16,1001,F2.16.135,green
11,21,F,6,F2.16,1003,F2.16.136,green
11,21,E,6,F2.16,1004,F2.16.137,green
11,21,A,6,F2.16,1008,F2.16.138,green
11,22,B,8,F2.16,1023,F2.16.139,green
11,22,F,9,F2.16,1027,F2.16.140,green
11,22,H,10,F2.16,1033,F2.16.141,green
11,22,D,10,F2.16,1037,F2.16.142,green
11,22,D,11,F2.16,1045,F2.16.143,green
12,23,E,1,F2.16,1060,F2.16.144,green
12,23,D,1,F2.16,1061,F2.16.145,green
12,23,B,1,F2.16,1063,F2.16.146,green
12,23,G,2,F2.16,1066,F2.16.147,green
12,23,F,3,F2.16,1075,F2.16.148,green
12,23,A,3,F2.16,1080,F2.16.149,green
12,23,E,4,F2.16,1084,F2.16.150,green
12,23,C,5,F2.16,1094,F2.16.151,green
12,24,B,8,F2.16,1119,F2.16.152,green
12,24,G,9,F2.16,1122,F2.16.153,green
12,24,E,10,F2.16,1132,F2.16.154,green
12,24,D,10,F2.16,1133,F2.16.155,green
12,24,C,11,F2.16,1142,F2.16.156,green
13,25,G,1,F2.16,1154,F2.16.157,green
13,25,H,3,F2.16,1169,F2.16.158,green
13,25,G,3,F2.16,1170,F2.16.159,green
13,25,C,3,F2.16,1174,F2.16.160,green
13,25,C,4,F2.16,1182,F2.16.161,green
13,25,C,5,F2.16,1190,F2.16.162,green
13,25,A,5,F2.16,1192,F2.16.163,green
13,25,A,6,F2.16,1200,F2.16.164,green
13,26,E,8,F2.16,1212,F2.16.165,green
13,26,B,8,F2.16,1215,F2.16.166,green
13,26,E,10,F2.16,1228,F2.16.167,green
13,26,F,11,F2.16,1235,F2.16.168,green
13,26,B,11,F2.16,1239,F2.16.169,green
14,27,G,1,F2.16,1250,F2.16.170,green
14,27,E,1,F2.16,1252,F2.16.171,green
14,27,E,3,F2.16,1268,F2.16.172,green
14,27,H,4,F2.16,1273,F2.16.173,green
14,27,G,4,F2.16,1274,F2.16.174,green
14,27,B,4,F2.16,1279,F2.16.175,green
14,27,H,5,F2.16,1281,F2.16.176,green
14,28,G,7,F2.16,1298,F2.16.177,green
14,28,E,7,F2.16,1300,F2.16.178,green
14,28,C,10,F2.16,1326,F2.16.179,green
14,28,F,11,F2.16,1331,F2.16.180,green
14,28,G,12,F2.16,1338,F2.16.181,green
14,28,C,12,F2.16,1342,F2.16.182,green
15,29,G,3,F2.16,1362,F2.16.183,green
15,29,C,4,F2.16,1374,F2.16.184,green
15,29,C,5,F2.16,1382,F2.16.185,green
15,29,A,5,F2.16,1384,F2.16.186,green
15,30,F,7,F2.16,1395,F2.16.187,green
15,30,G,9,F2.16,1410,F2.16.188,green
15,30,C,10,F2.16,1422,F2.16.189,green
15,30,E,11,F2.16,1428,F2.16.190,green
15,30,C,11,F2.16,1430,F2.16.191,green
15,30,B,11,F2.16,1431,F2.16.192,green
15,30,A,11,F2.16,1432,F2.16.193,green
15,30,H,12,F2.16,1433,F2.16.194,green
15,30,E,12,F2.16,1436,F2.16.195,green
1,1,H,1,F2.25,1,F2.25.001,pink
1,1,F,1,F2.25,3,F2.25.002,pink
1,1,C,1,F2.25,6,F2.25.003,pink
1,1,D,6,F2.25,45,F2.25.004,pink
1,2,F,7,F2.25,51,F2.25.005,pink
1,2,E,7,F2.25,52,F2.25.006,pink
1,2,C,8,F2.25,62,F2.25.007,pink
1,2,B,10,F2.25,79,F2.25.008,pink
1,2,D,11,F2.25,85,F2.25.009,pink
1,2,B,11,F2.25,87,F2.25.010,pink
1,2,E,12,F2.25,92,F2.25.011,pink
1,2,D,12,F2.25,93,F2.25.012,pink
1,2,A,12,F2.25,96,F2.25.013,pink
2,3,E,1,F2.25,100,F2.25.014,pink
2,3,A,1,F2.25,104,F2.25.015,pink
2,3,H,2,F2.25,105,F2.25.016,pink
2,3,F,3,F2.25,115,F2.25.017,pink
2,3,E,3,F2.25,116,F2.25.018,pink
2,3,D,3,F2.25,117,F2.25.019,pink
2,3,A,3,F2.25,120,F2.25.020,pink
2,4,G,7,F2.25,146,F2.25.021,pink
2,4,B,8,F2.25,159,F2.25.022,pink
2,4,H,9,F2.25,161,F2.25.023,pink
2,4,G,9,F2.25,162,F2.25.024,pink
2,4,E,10,F2.25,172,F2.25.025,pink
2,4,C,10,F2.25,174,F2.25.026,pink
3,5,F,1,F2.25,195,F2.25.027,pink
3,5,A,1,F2.25,200,F2.25.028,pink
3,5,E,2,F2.25,204,F2.25.029,pink
3,5,H,3,F2.25,209,F2.25.030,pink
3,5,F,3,F2.25,211,F2.25.031,pink
3,5,A,3,F2.25,216,F2.25.032,pink
3,5,F,4,F2.25,219,F2.25.033,pink
3,5,E,4,F2.25,220,F2.25.034,pink
3,5,E,5,F2.25,228,F2.25.035,pink
3,5,G,6,F2.25,234,F2.25.036,pink
3,6,H,8,F2.25,249,F2.25.037,pink
3,6,H,10,F2.25,265,F2.25.038,pink
3,6,G,12,F2.25,282,F2.25.039,pink
4,7,G,1,F2.25,290,F2.25.040,pink
4,7,D,1,F2.25,293,F2.25.041,pink
4,7,G,3,F2.25,306,F2.25.042,pink
4,7,A,3,F2.25,312,F2.25.043,pink
4,7,H,5,F2.25,321,F2.25.044,pink
4,7,E,5,F2.25,324,F2.25.045,pink
4,7,B,6,F2.25,335,F2.25.046,pink
4,8,F,8,F2.25,347,F2.25.047,pink
4,8,D,8,F2.25,349,F2.25.048,pink
4,8,C,10,F2.25,366,F2.25.049,pink
4,8,B,10,F2.25,367,F2.25.050,pink
4,8,F,11,F2.25,371,F2.25.051,pink
4,8,F,12,F2.25,379,F2.25.052,pink
5,9,B,1,F2.25,391,F2.25.053,pink
5,9,G,2,F2.25,394,F2.25.054,pink
5,9,D,4,F2.25,413,F2.25.055,pink
5,9,C,4,F2.25,414,F2.25.056,pink
5,9,H,5,F2.25,417,F2.25.057,pink
5,9,G,5,F2.25,418,F2.25.058,pink
5,9,C,5,F2.25,422,F2.25.059,pink
5,9,H,6,F2.25,425,F2.25.060,pink
5,9,B,6,F2.25,431,F2.25.061,pink
5,10,H,7,F2.25,433,F2.25.062,pink
5,10,F,9,F2.25,451,F2.25.063,pink
5,10,G,10,F2.25,458,F2.25.064,pink
5,10,G,11,F2.25,466,F2.25.065,pink
6,11,G,1,F2.25,482,F2.25.066,pink
6,11,A,4,F2.25,512,F2.25.067,pink
6,11,H,5,F2.25,513,F2.25.068,pink
6,11,E,5,F2.25,516,F2.25.069,pink
6,12,F,8,F2.25,539,F2.25.070,pink
6,12,D,8,F2.25,541,F2.25.071,pink
6,12,C,8,F2.25,542,F2.25.072,pink
6,12,D,9,F2.25,549,F2.25.073,pink
6,12,H,10,F2.25,553,F2.25.074,pink
6,12,G,11,F2.25,562,F2.25.075,pink
6,12,F,11,F2.25,563,F2.25.076,pink
6,12,D,11,F2.25,565,F2.25.077,pink
6,12,B,12,F2.25,575,F2.25.078,pink
7,13,E,1,F2.25,580,F2.25.079,pink
7,13,B,1,F2.25,583,F2.25.080,pink
7,13,H,2,F2.25,585,F2.25.081,pink
7,13,E,2,F2.25,588,F2.25.082,pink
7,13,D,2,F2.25,589,F2.25.083,pink
7,13,G,3,F2.25,594,F2.25.084,pink
7,13,F,4,F2.25,603,F2.25.085,pink
7,13,B,5,F2.25,615,F2.25.086,pink
7,14,D,7,F2.25,629,F2.25.087,pink
7,14,A,7,F2.25,632,F2.25.088,pink
7,14,A,11,F2.25,664,F2.25.089,pink
7,14,E,12,F2.25,668,F2.25.090,pink
7,14,B,12,F2.25,671,F2.25.091,pink
8,15,B,2,F2.25,687,F2.25.092,pink
8,15,A,3,F2.25,696,F2.25.093,pink
8,15,E,4,F2.25,700,F2.25.094,pink
8,15,D,4,F2.25,701,F2.25.095,pink
8,15,C,4,F2.25,702,F2.25.096,pink
8,15,B,4,F2.25,703,F2.25.097,pink
8,15,G,6,F2.25,714,F2.25.098,pink
8,15,A,6,F2.25,720,F2.25.099,pink
8,16,F,7,F2.25,723,F2.25.100,pink
8,16,F,11,F2.25,755,F2.25.101,pink
8,16,E,11,F2.25,756,F2.25.102,pink
8,16,H,12,F2.25,761,F2.25.103,pink
8,16,E,12,F2.25,764,F2.25.104,pink
9,17,H,2,F2.25,777,F2.25.105,pink
9,17,F,3,F2.25,787,F2.25.106,pink
9,17,G,6,F2.25,810,F2.25.107,pink
9,18,E,7,F2.25,820,F2.25.108,pink
9,18,D,7,F2.25,821,F2.25.109,pink
9,18,B,7,F2.25,823,F2.25.110,pink
9,18,B,8,F2.25,831,F2.25.111,pink
9,18,G,9,F2.25,834,F2.25.112,pink
9,18,D,9,F2.25,837,F2.25.113,pink
9,18,A,9,F2.25,840,F2.25.114,pink
9,18,H,11,F2.25,849,F2.25.115,pink
9,18,A,11,F2.25,856,F2.25.116,pink
9,18,F,12,F2.25,859,F2.25.117,pink
10,19,F,1,F2.25,867,F2.25.118,pink
10,19,D,1,F2.25,869,F2.25.119,pink
10,19,B,1,F2.25,871,F2.25.120,pink
10,19,D,3,F2.25,885,F2.25.121,pink
10,19,E,6,F2.25,908,F2.25.122,pink
10,19,C,6,F2.25,910,F2.25.123,pink
10,20,B,7,F2.25,919,F2.25.124,pink
10,20,H,10,F2.25,937,F2.25.125,pink
10,20,G,10,F2.25,938,F2.25.126,pink
10,20,G,11,F2.25,946,F2.25.127,pink
10,20,D,11,F2.25,949,F2.25.128,pink
10,20,C,12,F2.25,958,F2.25.129,pink
10,20,A,12,F2.25,960,F2.25.130,pink
11,21,D,1,F2.25,965,F2.25.131,pink
11,21,H,2,F2.25,969,F2.25.132,pink
11,21,C,2,F2.25,974,F2.25.133,pink
11,21,F,4,F2.25,987,F2.25.134,pink
11,21,A,5,F2.25,1000,F2.25.135,pink
11,22,F,7,F2.25,1011,F2.25.136,pink
11,22,F,8,F2.25,1019,F2.25.137,pink
11,22,C,8,F2.25,1022,F2.25.138,pink
11,22,A,9,F2.25,1032,F2.25.139,pink
11,22,E,11,F2.25,1044,F2.25.140,pink
11,22,B,11,F2.25,1047,F2.25.141,pink
11,22,G,12,F2.25,1050,F2.25.142,pink
11,22,A,12,F2.25,1056,F2.25.143,pink
12,23,D,2,F2.25,1069,F2.25.144,pink
12,23,F,4,F2.25,1083,F2.25.145,pink
12,23,B,4,F2.25,1087,F2.25.146,pink
12,23,E,5,F2.25,1092,F2.25.147,pink
12,23,B,5,F2.25,1095,F2.25.148,pink
12,23,E,6,F2.25,1100,F2.25.149,pink
12,24,H,8,F2.25,1113,F2.25.150,pink
12,24,D,8,F2.25,1117,F2.25.151,pink
12,24,F,10,F2.25,1131,F2.25.152,pink
12,24,B,10,F2.25,1135,F2.25.153,pink
12,24,G,11,F2.25,1138,F2.25.154,pink
12,24,F,11,F2.25,1139,F2.25.155,pink
12,24,F,12,F2.25,1147,F2.25.156,pink
13,25,D,1,F2.25,1157,F2.25.157,pink
13,25,B,2,F2.25,1167,F2.25.158,pink
13,25,A,2,F2.25,1168,F2.25.159,pink
13,25,D,5,F2.25,1189,F2.25.160,pink
13,25,B,5,F2.25,1191,F2.25.161,pink
13,25,F,6,F2.25,1195,F2.25.162,pink
13,25,E,6,F2.25,1196,F2.25.163,pink
13,25,C,6,F2.25,1198,F2.25.164,pink
13,26,G,7,F2.25,1202,F2.25.165,pink
13,26,D,7,F2.25,1205,F2.25.166,pink
13,26,F,8,F2.25,1211,F2.25.167,pink
13,26,B,10,F2.25,1231,F2.25.168,pink
13,26,C,11,F2.25,1238,F2.25.169,pink
14,27,B,1,F2.25,1255,F2.25.170,pink
14,27,E,2,F2.25,1260,F2.25.171,pink
14,27,D,2,F2.25,1261,F2.25.172,pink
14,27,C,3,F2.25,1270,F2.25.173,pink
14,27,B,3,F2.25,1271,F2.25.174,pink
14,27,C,4,F2.25,1278,F2.25.175,pink
14,27,C,6,F2.25,1294,F2.25.176,pink
14,28,F,7,F2.25,1299,F2.25.177,pink
14,28,B,7,F2.25,1303,F2.25.178,pink
14,28,D,8,F2.25,1309,F2.25.179,pink
14,28,G,10,F2.25,1322,F2.25.180,pink
14,28,D,10,F2.25,1325,F2.25.181,pink
14,28,G,11,F2.25,1330,F2.25.182,pink
15,29,G,2,F2.25,1354,F2.25.183,pink
15,29,H,4,F2.25,1369,F2.25.184,pink
15,29,D,4,F2.25,1373,F2.25.185,pink
15,29,A,4,F2.25,1376,F2.25.186,pink
15,29,G,5,F2.25,1378,F2.25.187,pink
15,29,H,6,F2.25,1385,F2.25.188,pink
15,30,G,8,F2.25,1402,F2.25.189,pink
15,30,H,10,F2.25,1417,F2.25.190,pink
15,30,G,10,F2.25,1418,F2.25.191,pink
15,30,F,10,F2.25,1419,F2.25.192,pink
15,30,D,10,F2.25,1421,F2.25.193,pink
15,30,F,11,F2.25,1427,F2.25.194,pink
15,30,B,12,F2.25,1439,F2.25.195,pink
1,1,G,1,F2.27,2,F2.27.001,pink
1,1,D,2,F2.27,13,F2.27.002,pink
1,1,H,3,F2.27,17,F2.27.003,pink
1,1,C,4,F2.27,30,F2.27.004,pink
1,1,A,4,F2.27,32,F2.27.005,pink
1,1,C,5,F2.27,38,F2.27.006,pink
1,2,B,7,F2.27,55,F2.27.007,pink
1,2,G,9,F2.27,66,F2.27.008,pink
1,2,E,10,F2.27,76,F2.27.009,pink
1,2,H,11,F2.27,81,F2.27.010,pink
1,2,G,11,F2.27,82,F2.27.011,pink
1,2,G,12,F2.27,90,F2.27.012,pink
1,2,C,12,F2.27,94,F2.27.013,pink
2,3,G,3,F2.27,114,F2.27.014,pink
2,3,H,4,F2.27,121,F2.27.015,pink
2,3,E,4,F2.27,124,F2.27.016,pink
2,3,E,5,F2.27,132,F2.27.017,pink
2,3,D,5,F2.27,133,F2.27.018,pink
2,3,E,6,F2.27,140,F2.27.019,pink
2,3,C,6,F2.27,142,F2.27.020,pink
2,3,B,6,F2.27,143,F2.27.021,pink
2,4,G,8,F2.27,154,F2.27.022,pink
2,4,E,9,F2.27,164,F2.27.023,pink
2,4,D,9,F2.27,165,F2.27.024,pink
2,4,C,12,F2.27,190,F2.27.025,pink
2,4,A,12,F2.27,192,F2.27.026,pink
3,5,G,1,F2.27,194,F2.27.027,pink
3,5,B,1,F2.27,199,F2.27.028,pink
3,5,C,2,F2.27,206,F2.27.029,pink
3,5,B,2,F2.27,207,F2.27.030,pink
3,5,C,3,F2.27,214,F2.27.031,pink
3,5,G,4,F2.27,218,F2.27.032,pink
3,5,G,5,F2.27,226,F2.27.033,pink
3,5,D,5,F2.27,229,F2.27.034,pink
3,5,H,6,F2.27,233,F2.27.035,pink
3,6,E,9,F2.27,260,F2.27.036,pink
3,6,A,9,F2.27,264,F2.27.037,pink
3,6,D,11,F2.27,277,F2.27.038,pink
3,6,F,12,F2.27,283,F2.27.039,pink
4,7,H,2,F2.27,297,F2.27.040,pink
4,7,G,2,F2.27,298,F2.27.041,pink
4,7,B,2,F2.27,303,F2.27.042,pink
4,7,B,4,F2.27,319,F2.27.043,pink
4,7,D,5,F2.27,325,F2.27.044,pink
4,7,B,5,F2.27,327,F2.27.045,pink
4,7,A,5,F2.27,328,F2.27.046,pink
4,7,D,6,F2.27,333,F2.27.047,pink
4,8,E,7,F2.27,340,F2.27.048,pink
4,8,D,7,F2.27,341,F2.27.049,pink
4,8,D,9,F2.27,357,F2.27.050,pink
4,8,A,10,F2.27,368,F2.27.051,pink
4,8,H,12,F2.27,377,F2.27.052,pink
5,9,G,1,F2.27,386,F2.27.053,pink
5,9,C,1,F2.27,390,F2.27.054,pink
5,9,F,2,F2.27,395,F2.27.055,pink
5,9,F,4,F2.27,411,F2.27.056,pink
5,9,F,5,F2.27,419,F2.27.057,pink
5,9,F,6,F2.27,427,F2.27.058,pink
5,9,D,6,F2.27,429,F2.27.059,pink
5,10,H,8,F2.27,441,F2.27.060,pink
5,10,D,9,F2.27,453,F2.27.061,pink
5,10,A,10,F2.27,464,F2.27.062,pink
5,10,H,11,F2.27,465,F2.27.063,pink
5,10,E,11,F2.27,468,F2.27.064,pink
5,10,A,11,F2.27,472,F2.27.065,pink
6,11,H,1,F2.27,481,F2.27.066,pink
6,11,E,1,F2.27,484,F2.27.067,pink
6,11,C,2,F2.27,494,F2.27.068,pink
6,11,E,3,F2.27,500,F2.27.069,pink
6,11,C,3,F2.27,502,F2.27.070,pink
6,11,B,4,F2.27,511,F2.27.071,pink
6,11,B,5,F2.27,519,F2.27.072,pink
6,11,F,6,F2.27,523,F2.27.073,pink
6,11,C,6,F2.27,526,F2.27.074,pink
6,12,A,7,F2.27,536,F2.27.075,pink
6,12,A,9,F2.27,552,F2.27.076,pink
6,12,B,10,F2.27,559,F2.27.077,pink
6,12,E,12,F2.27,572,F2.27.078,pink
7,13,B,2,F2.27,591,F2.27.079,pink
7,13,D,3,F2.27,597,F2.27.080,pink
7,13,B,3,F2.27,599,F2.27.081,pink
7,13,A,3,F2.27,600,F2.27.082,pink
7,13,D,5,F2.27,613,F2.27.083,pink
7,13,E,6,F2.27,620,F2.27.084,pink
7,13,C,6,F2.27,622,F2.27.085,pink
7,13,A,6,F2.27,624,F2.27.086,pink
7,14,B,7,F2.27,631,F2.27.087,pink
7,14,G,8,F2.27,634,F2.27.088,pink
7,14,C,8,F2.27,638,F2.27.089,pink
7,14,D,9,F2.27,645,F2.27.090,pink
7,14,G,10,F2.27,650,F2.27.091,pink
8,15,H,1,F2.27,673,F2.27.092,pink
8,15,G,1,F2.27,674,F2.27.093,pink
8,15,E,1,F2.27,676,F2.27.094,pink
8,15,A,1,F2.27,680,F2.27.095,pink
8,15,G,4,F2.27,698,F2.27.096,pink
8,15,F,4,F2.27,699,F2.27.097,pink
8,15,A,4,F2.27,704,F2.27.098,pink
8,15,D,5,F2.27,709,F2.27.099,pink
8,15,D,6,F2.27,717,F2.27.100,pink
8,16,D,7,F2.27,725,F2.27.101,pink
8,16,G,8,F2.27,730,F2.27.102,pink
8,16,B,9,F2.27,743,F2.27.103,pink
8,16,A,10,F2.27,752,F2.27.104,pink
9,17,F,1,F2.27,771,F2.27.105,pink
9,17,B,3,F2.27,791,F2.27.106,pink
9,17,C,4,F2.27,798,F2.27.107,pink
9,17,F,5,F2.27,803,F2.27.108,pink
9,17,E,5,F2.27,804,F2.27.109,pink
9,17,H,6,F2.27,809,F2.27.110,pink
9,17,D,6,F2.27,813,F2.27.111,pink
9,18,G,8,F2.27,826,F2.27.112,pink
9,18,H,9,F2.27,833,F2.27.113,pink
9,18,B,9,F2.27,839,F2.27.114,pink
9,18,F,11,F2.27,851,F2.27.115,pink
9,18,D,11,F2.27,853,F2.27.116,pink
9,18,D,12,F2.27,861,F2.27.117,pink
10,19,H,3,F2.27,881,F2.27.118,pink
10,19,E,4,F2.27,892,F2.27.119,pink
10,19,B,4,F2.27,895,F2.27.120,pink
10,19,H,6,F2.27,905,F2.27.121,pink
10,20,A,8,F2.27,928,F2.27.122,pink
10,20,D,9,F2.27,933,F2.27.123,pink
10,20,C,10,F2.27,942,F2.27.124,pink
10,20,B,10,F2.27,943,F2.27.125,pink
10,20,A,10,F2.27,944,F2.27.126,pink
10,20,H,11,F2.27,945,F2.27.127,pink
10,20,B,11,F2.27,951,F2.27.128,pink
10,20,H,12,F2.27,953,F2.27.129,pink
10,20,G,12,F2.27,954,F2.27.130,pink
11,21,E,2,F2.27,972,F2.27.131,pink
11,21,B,2,F2.27,975,F2.27.132,pink
11,21,E,3,F2.27,980,F2.27.133,pink
11,21,E,4,F2.27,988,F2.27.134,pink
11,21,G,5,F2.27,994,F2.27.135,pink
11,21,F,5,F2.27,995,F2.27.136,pink
11,22,E,7,F2.27,1012,F2.27.137,pink
11,22,C,7,F2.27,1014,F2.27.138,pink
11,22,H,9,F2.27,1025,F2.27.139,pink
11,22,G,10,F2.27,1034,F2.27.140,pink
11,22,E,10,F2.27,1036,F2.27.141,pink
11,22,B,10,F2.27,1039,F2.27.142,pink
11,22,D,12,F2.27,1053,F2.27.143,pink
12,23,E,2,F2.27,1068,F2.27.144,pink
12,23,D,3,F2.27,1077,F2.27.145,pink
12,23,G,4,F2.27,1082,F2.27.146,pink
12,23,G,5,F2.27,1090,F2.27.147,pink
12,23,F,5,F2.27,1091,F2.27.148,pink
12,23,G,6,F2.27,1098,F2.27.149,pink
12,23,F,6,F2.27,1099,F2.27.150,pink
12,23,A,6,F2.27,1104,F2.27.151,pink
12,24,D,7,F2.27,1109,F2.27.152,pink
12,24,H,9,F2.27,1121,F2.27.153,pink
12,24,D,9,F2.27,1125,F2.27.154,pink
12,24,B,11,F2.27,1143,F2.27.155,pink
12,24,D,12,F2.27,1149,F2.27.156,pink
13,25,E,1,F2.27,1156,F2.27.157,pink
13,25,F,3,F2.27,1171,F2.27.158,pink
13,25,E,4,F2.27,1180,F2.27.159,pink
13,25,H,5,F2.27,1185,F2.27.160,pink
13,25,G,5,F2.27,1186,F2.27.161,pink
13,26,B,7,F2.27,1207,F2.27.162,pink
13,26,C,8,F2.27,1214,F2.27.163,pink
13,26,H,10,F2.27,1225,F2.27.164,pink
13,26,G,10,F2.27,1226,F2.27.165,pink
13,26,F,10,F2.27,1227,F2.27.166,pink
13,26,D,11,F2.27,1237,F2.27.167,pink
13,26,D,12,F2.27,1245,F2.27.168,pink
13,26,A,12,F2.27,1248,F2.27.169,pink
14,27,F,1,F2.27,1251,F2.27.170,pink
14,27,D,1,F2.27,1253,F2.27.171,pink
14,27,G,2,F2.27,1258,F2.27.172,pink
14,27,F,2,F2.27,1259,F2.27.173,pink
14,27,H,3,F2.27,1265,F2.27.174,pink
14,27,G,3,F2.27,1266,F2.27.175,pink
14,27,G,5,F2.27,1282,F2.27.176,pink
14,27,B,6,F2.27,1295,F2.27.177,pink
14,28,F,8,F2.27,1307,F2.27.178,pink
14,28,B,8,F2.27,1311,F2.27.179,pink
14,28,A,10,F2.27,1328,F2.27.180,pink
14,28,D,11,F2.27,1333,F2.27.181,pink
14,28,B,11,F2.27,1335,F2.27.182,pink
15,29,A,1,F2.27,1352,F2.27.183,pink
15,29,H,2,F2.27,1353,F2.27.184,pink
15,29,E,2,F2.27,1356,F2.27.185,pink
15,29,C,3,F2.27,1366,F2.27.186,pink
15,29,E,4,F2.27,1372,F2.27.187,pink
15,29,H,5,F2.27,1377,F2.27.188,pink
15,29,A,6,F2.27,1392,F2.27.189,pink
15,30,H,7,F2.27,1393,F2.27.190,pink
15,30,E,7,F2.27,1396,F2.27.191,pink
15,30,E,8,F2.27,1404,F2.27.192,pink
15,30,D,9,F2.27,1413,F2.27.193,pink
15,30,C,9,F2.27,1414,F2.27.194,pink
15,30,D,12,F2.27,1437,F2.27.195,pink
1,1,B,3,F2.32,23,F2.32.001,blue
1,1,H,4,F2.32,25,F2.32.002,blue
1,1,F,4,F2.32,27,F2.32.003,blue
1,1,G,5,F2.32,34,F2.32.004,blue
1,1,A,6,F2.32,48,F2.32.005,blue
1,2,D,7,F2.32,53,F2.32.006,blue
1,2,F,8,F2.32,59,F2.32.007,blue
1,2,B,8,F2.32,63,F2.32.008,blue
1,2,H,9,F2.32,65,F2.32.009,blue
1,2,A,9,F2.32,72,F2.32.010,blue
1,2,C,10,F2.32,78,F2.32.011,blue
1,2,F,11,F2.32,83,F2.32.012,blue
1,2,C,11,F2.32,86,F2.32.013,blue
2,3,D,1,F2.32,101,F2.32.014,blue
2,3,C,1,F2.32,102,F2.32.015,blue
2,3,C,2,F2.32,110,F2.32.016,blue
2,3,A,2,F2.32,112,F2.32.017,blue
2,3,A,4,F2.32,128,F2.32.018,blue
2,3,B,5,F2.32,135,F2.32.019,blue
2,3,G,6,F2.32,138,F2.32.020,blue
2,4,F,7,F2.32,147,F2.32.021,blue
2,4,D,7,F2.32,149,F2.32.022,blue
2,4,E,8,F2.32,156,F2.32.023,blue
2,4,G,10,F2.32,170,F2.32.024,blue
2,4,C,11,F2.32,182,F2.32.025,blue
2,4,B,11,F2.32,183,F2.32.026,blue
3,5,H,1,F2.32,193,F2.32.027,blue
3,5,D,2,F2.32,205,F2.32.028,blue
3,5,D,3,F2.32,213,F2.32.029,blue
3,5,C,4,F2.32,222,F2.32.030,blue
3,6,C,7,F2.32,246,F2.32.031,blue
3,6,D,8,F2.32,253,F2.32.032,blue
3,6,C,8,F2.32,254,F2.32.033,blue
3,6,H,9,F2.32,257,F2.32.034,blue
3,6,G,9,F2.32,258,F2.32.035,blue
3,6,H,11,F2.32,273,F2.32.036,blue
3,6,G,11,F2.32,274,F2.32.037,blue
3,6,A,11,F2.32,280,F2.32.038,blue
3,6,H,12,F2.32,281,F2.32.039,blue
4,7,H,1,F2.32,289,F2.32.040,blue
4,7,F,1,F2.32,291,F2.32.041,blue
4,7,A,1,F2.32,296,F2.32.042,blue
4,7,G,4,F2.32,314,F2.32.043,blue
4,7,G,5,F2.32,322,F2.32.044,blue
4,7,H,6,F2.32,329,F2.32.045,blue
4,8,H,8,F2.32,345,F2.32.046,blue
4,8,H,9,F2.32,353,F2.32.047,blue
4,8,E,9,F2.32,356,F2.32.048,blue
4,8,H,10,F2.32,361,F2.32.049,blue
4,8,D,10,F2.32,365,F2.32.050,blue
4,8,G,12,F2.32,378,F2.32.051,blue
4,8,A,12,F2.32,384,F2.32.052,blue
5,9,H,1,F2.32,385,F2.32.053,blue
5,9,F,1,F2.32,387,F2.32.054,blue
5,9,H,3,F2.32,401,F2.32.055,blue
5,9,E,6,F2.32,428,F2.32.056,blue
5,10,D,7,F2.32,437,F2.32.057,blue
5,10,G,8,F2.32,442,F2.32.058,blue
5,10,A,8,F2.32,448,F2.32.059,blue
5,10,H,9,F2.32,449,F2.32.060,blue
5,10,B,9,F2.32,455,F2.32.061,blue
5,10,E,10,F2.32,460,F2.32.062,blue
5,10,B,10,F2.32,463,F2.32.063,blue
5,10,D,11,F2.32,469,F2.32.064,blue
5,10,D,12,F2.32,477,F2.32.065,blue
6,11,H,3,F2.32,497,F2.32.066,blue
6,11,G,4,F2.32,506,F2.32.067,blue
6,11,G,6,F2.32,522,F2.32.068,blue
6,12,H,7,F2.32,529,F2.32.069,blue
6,12,G,7,F2.32,530,F2.32.070,blue
6,12,E,7,F2.32,532,F2.32.071,blue
6,12,D,7,F2.32,533,F2.32.072,blue
6,12,C,7,F2.32,534,F2.32.073,blue
6,12,B,7,F2.32,535,F2.32.074,blue
6,12,C,9,F2.32,550,F2.32.075,blue
6,12,H,11,F2.32,561,F2.32.076,blue
6,12,A,11,F2.32,568,F2.32.077,blue
6,12,A,12,F2.32,576,F2.32.078,blue
7,13,F,1,F2.32,579,F2.32.079,blue
7,13,G,2,F2.32,586,F2.32.080,blue
7,13,E,3,F2.32,596,F2.32.081,blue
7,13,F,6,F2.32,619,F2.32.082,blue
7,14,G,7,F2.32,626,F2.32.083,blue
7,14,A,8,F2.32,640,F2.32.084,blue
7,14,F,10,F2.32,651,F2.32.085,blue
7,14,B,10,F2.32,655,F2.32.086,blue
7,14,G,11,F2.32,658,F2.32.087,blue
7,14,F,11,F2.32,659,F2.32.088,blue
7,14,C,11,F2.32,662,F2.32.089,blue
7,14,G,12,F2.32,666,F2.32.090,blue
7,14,D,12,F2.32,669,F2.32.091,blue
8,15,H,2,F2.32,681,F2.32.092,blue
8,15,E,2,F2.32,684,F2.32.093,blue
8,15,C,3,F2.32,694,F2.32.094,blue
8,15,B,3,F2.32,695,F2.32.095,blue
8,15,H,4,F2.32,697,F2.32.096,blue
8,15,B,5,F2.32,711,F2.32.097,blue
8,15,E,6,F2.32,716,F2.32.098,blue
8,16,H,7,F2.32,721,F2.32.099,blue
8,16,A,7,F2.32,728,F2.32.100,blue
8,16,C,8,F2.32,734,F2.32.101,blue
8,16,E,10,F2.32,748,F2.32.102,blue
8,16,C,11,F2.32,758,F2.32.103,blue
8,16,F,12,F2.32,763,F2.32.104,blue
9,17,E,1,F2.32,772,F2.32.105,blue
9,17,D,1,F2.32,773,F2.32.106,blue
9,17,C,1,F2.32,774,F2.32.107,blue
9,17,E,4,F2.32,796,F2.32.108,blue
9,17,D,4,F2.32,797,F2.32.109,blue
9,17,B,4,F2.32,799,F2.32.110,blue
9,17,D,5,F2.32,805,F2.32.111,blue
9,17,C,6,F2.32,814,F2.32.112,blue
9,18,E,8,F2.32,828,F2.32.113,blue
9,18,F,10,F2.32,843,F2.32.114,blue
9,18,B,10,F2.32,847,F2.32.115,blue
9,18,A,10,F2.32,848,F2.32.116,blue
9,18,C,11,F2.32,854,F2.32.117,blue
10,19,H,2,F2.32,873,F2.32.118,blue
10,19,G,3,F2.32,882,F2.32.119,blue
10,19,D,4,F2.32,893,F2.32.120,blue
10,19,A,4,F2.32,896,F2.32.121,blue
10,19,E,5,F2.32,900,F2.32.122,blue
10,19,C,5,F2.32,902,F2.32.123,blue
10,19,B,5,F2.32,903,F2.32.124,blue
10,19,F,6,F2.32,907,F2.32.125,blue
10,20,F,7,F2.32,915,F2.32.126,blue
10,20,E,8,F2.32,924,F2.32.127,blue
10,20,D,8,F2.32,925,F2.32.128,blue
10,20,C,11,F2.32,950,F2.32.129,blue
10,20,D,12,F2.32,957,F2.32.130,blue
11,21,F,1,F2.32,963,F2.32.131,blue
11,21,F,2,F2.32,971,F2.32.132,blue
11,21,D,3,F2.32,981,F2.32.133,blue
11,21,H,4,F2.32,985,F2.32.134,blue
11,21,D,4,F2.32,989,F2.32.135,blue
11,21,D,5,F2.32,997,F2.32.136,blue
11,22,D,7,F2.32,1013,F2.32.137,blue
11,22,A,7,F2.32,1016,F2.32.138,blue
11,22,H,8,F2.32,1017,F2.32.139,blue
11,22,A,8,F2.32,1024,F2.32.140,blue
11,22,C,9,F2.32,1030,F2.32.141,blue
11,22,B,9,F2.32,1031,F2.32.142,blue
11,22,F,10,F2.32,1035,F2.32.143,blue
12,23,C,1,F2.32,1062,F2.32.144,blue
12,23,A,1,F2.32,1064,F2.32.145,blue
12,23,H,5,F2.32,1089,F2.32.146,blue
12,23,D,5,F2.32,1093,F2.32.147,blue
12,24,F,7,F2.32,1107,F2.32.148,blue
12,24,E,7,F2.32,1108,F2.32.149,blue
12,24,B,7,F2.32,1111,F2.32.150,blue
12,24,A,7,F2.32,1112,F2.32.151,blue
12,24,C,10,F2.32,1134,F2.32.152,blue
12,24,H,11,F2.32,1137,F2.32.153,blue
12,24,E,11,F2.32,1140,F2.32.154,blue
12,24,H,12,F2.32,1145,F2.32.155,blue
12,24,B,12,F2.32,1151,F2.32.156,blue
13,25,F,2,F2.32,1163,F2.32.157,blue
13,25,E,3,F2.32,1172,F2.32.158,blue
13,25,D,3,F2.32,1173,F2.32.159,blue
13,26,H,7,F2.32,1201,F2.32.160,blue
13,26,F,7,F2.32,1203,F2.32.161,blue
13,26,E,7,F2.32,1204,F2.32.162,blue
13,26,C,7,F2.32,1206,F2.32.163,blue
13,26,G,8,F2.32,1210,F2.32.164,blue
13,26,E,9,F2.32,1220,F2.32.165,blue
13,26,G,11,F2.32,1234,F2.32.166,blue
13,26,G,12,F2.32,1242,F2.32.167,blue
13,26,F,12,F2.32,1243,F2.32.168,blue
13,26,C,12,F2.32,1246,F2.32.169,blue
14,27,H,1,F2.32,1249,F2.32.170,blue
14,27,C,2,F2.32,1262,F2.32.171,blue
14,27,F,3,F2.32,1267,F2.32.172,blue
14,27,E,4,F2.32,1276,F2.32.173,blue
14,27,D,5,F2.32,1285,F2.32.174,blue
14,27,H,6,F2.32,1289,F2.32.175,blue
14,27,G,6,F2.32,1290,F2.32.176,blue
14,28,G,8,F2.32,1306,F2.32.177,blue
14,28,C,8,F2.32,1310,F2.32.178,blue
14,28,A,8,F2.32,1312,F2.32.179,blue
14,28,E,9,F2.32,1316,F2.32.180,blue
14,28,C,9,F2.32,1318,F2.32.181,blue
14,28,A,11,F2.32,1336,F2.32.182,blue
15,29,H,1,F2.32,1345,F2.32.183,blue
15,29,G,1,F2.32,1346,F2.32.184,blue
15,29,D,1,F2.32,1349,F2.32.185,blue
15,29,C,1,F2.32,1350,F2.32.186,blue
15,29,B,2,F2.32,1359,F2.32.187,blue
15,29,A,2,F2.32,1360,F2.32.188,blue
15,29,D,6,F2.32,1389,F2.32.189,blue
15,29,C,6,F2.32,1390,F2.32.190,blue
15,30,G,7,F2.32,1394,F2.32.191,blue
15,30,C,8,F2.32,1406,F2.32.192,blue
15,30,B,8,F2.32,1407,F2.32.193,blue
15,30,A,8,F2.32,1408,F2.32.194,blue
15,30,E,9,F2.32,1412,F2.32.195,blue
1,1,H,2,F2.35,9,F2.35.001,orange
1,1,C,2,F2.35,14,F2.35.002,orange
1,1,A,2,F2.35,16,F2.35.003,orange
1,1,E,3,F2.35,20,F2.35.004,orange
1,1,D,3,F2.35,21,F2.35.005,orange
1,1,B,4,F2.35,31,F2.35.006,orange
1,1,E,5,F2.35,36,F2.35.007,orange
1,1,D,5,F2.35,37,F2.35.008,orange
1,2,A,7,F2.35,56,F2.35.009,orange
1,2,H,8,F2.35,57,F2.35.010,orange
1,2,D,8,F2.35,61,F2.35.011,orange
1,2,C,9,F2.35,70,F2.35.012,orange
1,2,D,10,F2.35,77,F2.35.013,orange
2,3,F,2,F2.35,107,F2.35.014,orange
2,3,D,2,F2.35,109,F2.35.015,orange
2,3,H,5,F2.35,129,F2.35.016,orange
2,3,A,6,F2.35,144,F2.35.017,orange
2,4,H,7,F2.35,145,F2.35.018,orange
2,4,C,7,F2.35,150,F2.35.019,orange
2,4,H,8,F2.35,153,F2.35.020,orange
2,4,F,8,F2.35,155,F2.35.021,orange
2,4,A,8,F2.35,160,F2.35.022,orange
2,4,H,10,F2.35,169,F2.35.023,orange
2,4,B,10,F2.35,175,F2.35.024,orange
2,4,E,12,F2.35,188,F2.35.025,orange
2,4,B,12,F2.35,191,F2.35.026,orange
3,5,E,3,F2.35,212,F2.35.027,orange
3,5,H,4,F2.35,217,F2.35.028,orange
3,5,C,6,F2.35,238,F2.35.029,orange
3,5,A,6,F2.35,240,F2.35.030,orange
3,6,F,7,F2.35,243,F2.35.031,orange
3,6,E,7,F2.35,244,F2.35.032,orange
3,6,B,7,F2.35,247,F2.35.033,orange
3,6,E,8,F2.35,252,F2.35.034,orange
3,6,C,10,F2.35,270,F2.35.035,orange
3,6,F,11,F2.35,275,F2.35.036,orange
3,6,B,11,F2.35,279,F2.35.037,orange
3,6,D,12,F2.35,285,F2.35.038,orange
3,6,C,12,F2.35,286,F2.35.039,orange
4,7,B,1,F2.35,295,F2.35.040,orange
4,7,C,3,F2.35,310,F2.35.041,orange
4,7,B,3,F2.35,311,F2.35.042,orange
4,7,F,4,F2.35,315,F2.35.043,orange
4,7,D,4,F2.35,317,F2.35.044,orange
4,7,F,6,F2.35,331,F2.35.045,orange
4,7,E,6,F2.35,332,F2.35.046,orange
4,7,C,6,F2.35,334,F2.35.047,orange
4,8,F,7,F2.35,339,F2.35.048,orange
4,8,B,7,F2.35,343,F2.35.049,orange
4,8,E,8,F2.35,348,F2.35.050,orange
4,8,E,11,F2.35,372,F2.35.051,orange
4,8,B,12,F2.35,383,F2.35.052,orange
5,9,E,1,F2.35,388,F2.35.053,orange
5,9,E,3,F2.35,404,F2.35.054,orange
5,9,C,3,F2.35,406,F2.35.055,orange
5,9,B,3,F2.35,407,F2.35.056,orange
5,9,A,4,F2.35,416,F2.35.057,orange
5,9,G,6,F2.35,426,F2.35.058,orange
5,10,A,7,F2.35,440,F2.35.059,orange
5,10,H,10,F2.35,457,F2.35.060,orange
5,10,F,11,F2.35,467,F2.35.061,orange
5,10,C,11,F2.35,470,F2.35.062,orange
5,10,F,12,F2.35,475,F2.35.063,orange
5,10,E,12,F2.35,476,F2.35.064,orange
5,10,A,12,F2.35,480,F2.35.065,orange
6,11,H,2,F2.35,489,F2.35.066,orange
6,11,B,2,F2.35,495,F2.35.067,orange
6,11,F,3,F2.35,499,F2.35.068,orange
6,11,H,4,F2.35,505,F2.35.069,orange
6,11,D,4,F2.35,509,F2.35.070,orange
6,11,C,5,F2.35,518,F2.35.071,orange
6,11,A,5,F2.35,520,F2.35.072,orange
6,12,F,7,F2.35,531,F2.35.073,orange
6,12,E,8,F2.35,540,F2.35.074,orange
6,12,E,9,F2.35,548,F2.35.075,orange
6,12,F,10,F2.35,555,F2.35.076,orange
6,12,B,11,F2.35,567,F2.35.077,orange
6,12,C,12,F2.35,574,F2.35.078,orange
7,13,C,2,F2.35,590,F2.35.079,orange
7,13,F,3,F2.35,595,F2.35.080,orange
7,13,G,4,F2.35,602,F2.35.081,orange
7,13,C,5,F2.35,614,F2.35.082,orange
7,13,G,6,F2.35,618,F2.35.083,orange
7,14,H,7,F2.35,625,F2.35.084,orange
7,14,E,7,F2.35,628,F2.35.085,orange
7,14,H,8,F2.35,633,F2.35.086,orange
7,14,E,8,F2.35,636,F2.35.087,orange
7,14,D,8,F2.35,637,F2.35.088,orange
7,14,E,9,F2.35,644,F2.35.089,orange
7,14,B,9,F2.35,647,F2.35.090,orange
7,14,E,10,F2.35,652,F2.35.091,orange
8,15,B,1,F2.35,679,F2.35.092,orange
8,15,A,2,F2.35,688,F2.35.093,orange
8,15,D,3,F2.35,693,F2.35.094,orange
8,15,G,5,F2.35,706,F2.35.095,orange
8,15,E,5,F2.35,708,F2.35.096,orange
8,15,A,5,F2.35,712,F2.35.097,orange
8,16,H,8,F2.35,729,F2.35.098,orange
8,16,H,9,F2.35,737,F2.35.099,orange
8,16,C,9,F2.35,742,F2.35.100,orange
8,16,D,10,F2.35,749,F2.35.101,orange
8,16,C,10,F2.35,750,F2.35.102,orange
8,16,B,10,F2.35,751,F2.35.103,orange
8,16,A,11,F2.35,760,F2.35.104,orange
9,17,G,1,F2.35,770,F2.35.105,orange
9,17,A,1,F2.35,776,F2.35.106,orange
9,17,B,2,F2.35,783,F2.35.107,orange
9,17,D,3,F2.35,789,F2.35.108,orange
9,17,B,5,F2.35,807,F2.35.109,orange
9,17,E,6,F2.35,812,F2.35.110,orange
9,17,A,6,F2.35,816,F2.35.111,orange
9,18,G,7,F2.35,818,F2.35.112,orange
9,18,D,8,F2.35,829,F2.35.113,orange
9,18,F,9,F2.35,835,F2.35.114,orange
9,18,E,9,F2.35,836,F2.35.115,orange
9,18,E,11,F2.35,852,F2.35.116,orange
9,18,G,12,F2.35,858,F2.35.117,orange
10,19,G,1,F2.35,866,F2.35.118,orange
10,19,E,1,F2.35,868,F2.35.119,orange
10,19,C,3,F2.35,886,F2.35.120,orange
10,19,B,3,F2.35,887,F2.35.121,orange
10,19,A,5,F2.35,904,F2.35.122,orange
10,19,A,6,F2.35,912,F2.35.123,orange
10,20,G,7,F2.35,914,F2.35.124,orange
10,20,D,7,F2.35,917,F2.35.125,orange
10,20,H,9,F2.35,929,F2.35.126,orange
10,20,C,9,F2.35,934,F2.35.127,orange
10,20,D,10,F2.35,941,F2.35.128,orange
10,20,E,11,F2.35,948,F2.35.129,orange
10,20,F,12,F2.35,955,F2.35.130,orange
11,21,G,1,F2.35,962,F2.35.131,orange
11,21,A,1,F2.35,968,F2.35.132,orange
11,21,D,2,F2.35,973,F2.35.133,orange
11,21,H,3,F2.35,977,F2.35.134,orange
11,21,G,4,F2.35,986,F2.35.135,orange
11,21,C,4,F2.35,990,F2.35.136,orange
11,21,B,5,F2.35,999,F2.35.137,orange
11,21,C,6,F2.35,1006,F2.35.138,orange
11,22,B,7,F2.35,1015,F2.35.139,orange
11,22,G,8,F2.35,1018,F2.35.140,orange
11,22,C,10,F2.35,1038,F2.35.141,orange
11,22,F,12,F2.35,1051,F2.35.142,orange
11,22,C,12,F2.35,1054,F2.35.143,orange
12,23,F,2,F2.35,1067,F2.35.144,orange
12,23,B,2,F2.35,1071,F2.35.145,orange
12,23,E,3,F2.35,1076,F2.35.146,orange
12,23,B,3,F2.35,1079,F2.35.147,orange
12,23,H,4,F2.35,1081,F2.35.148,orange
12,23,D,4,F2.35,1085,F2.35.149,orange
12,23,C,4,F2.35,1086,F2.35.150,orange
12,24,E,8,F2.35,1116,F2.35.151,orange
12,24,C,8,F2.35,1118,F2.35.152,orange
12,24,E,9,F2.35,1124,F2.35.153,orange
12,24,C,9,F2.35,1126,F2.35.154,orange
12,24,D,11,F2.35,1141,F2.35.155,orange
12,24,A,11,F2.35,1144,F2.35.156,orange
13,25,H,1,F2.35,1153,F2.35.157,orange
13,25,H,2,F2.35,1161,F2.35.158,orange
13,25,A,3,F2.35,1176,F2.35.159,orange
13,25,B,4,F2.35,1183,F2.35.160,orange
13,26,H,8,F2.35,1209,F2.35.161,orange
13,26,A,8,F2.35,1216,F2.35.162,orange
13,26,D,9,F2.35,1221,F2.35.163,orange
13,26,C,9,F2.35,1222,F2.35.164,orange
13,26,B,9,F2.35,1223,F2.35.165,orange
13,26,D,10,F2.35,1229,F2.35.166,orange
13,26,C,10,F2.35,1230,F2.35.167,orange
13,26,H,11,F2.35,1233,F2.35.168,orange
13,26,H,12,F2.35,1241,F2.35.169,orange
14,27,C,1,F2.35,1254,F2.35.170,orange
14,27,A,2,F2.35,1264,F2.35.171,orange
14,27,A,4,F2.35,1280,F2.35.172,orange
14,27,C,5,F2.35,1286,F2.35.173,orange
14,27,A,5,F2.35,1288,F2.35.174,orange
14,27,F,6,F2.35,1291,F2.35.175,orange
14,27,E,6,F2.35,1292,F2.35.176,orange
14,28,C,7,F2.35,1302,F2.35.177,orange
14,28,G,9,F2.35,1314,F2.35.178,orange
14,28,F,9,F2.35,1315,F2.35.179,orange
14,28,B,9,F2.35,1319,F2.35.180,orange
14,28,E,10,F2.35,1324,F2.35.181,orange
14,28,E,11,F2.35,1332,F2.35.182,orange
15,29,E,1,F2.35,1348,F2.35.183,orange
15,29,D,2,F2.35,1357,F2.35.184,orange
15,29,C,2,F2.35,1358,F2.35.185,orange
15,29,H,3,F2.35,1361,F2.35.186,orange
15,29,B,3,F2.35,1367,F2.35.187,orange
15,29,E,5,F2.35,1380,F2.35.188,orange
15,29,B,5,F2.35,1383,F2.35.189,orange
15,30,H,8,F2.35,1401,F2.35.190,orange
15,30,F,8,F2.35,1403,F2.35.191,orange
15,30,D,8,F2.35,1405,F2.35.192,orange
15,30,A,9,F2.35,1416,F2.35.193,orange
15,30,B,10,F2.35,1423,F2.35.194,orange
15,30,H,11,F2.35,1425,F2.35.195,orange
3,6,A,8,S2.01,256,S2.01.001,white
4,7,E,4,S2.01,316,S2.01.002,white
4,7,C,4,S2.01,318,S2.01.003,white
5,9,D,1,S2.01,389,S2.01.004,white
5,9,E,4,S2.01,412,S2.01.005,white
8,16,H,11,S2.01,753,S2.01.006,white
10,19,A,3,S2.01,888,S2.01.007,white
10,20,C,8,S2.01,926,S2.01.008,white
10,20,E,9,S2.01,932,S2.01.009,white
12,23,G,1,S2.01,1058,S2.01.010,white
13,25,F,4,S2.01,1179,S2.01.011,white
13,25,H,6,S2.01,1193,S2.01.012,white
14,28,D,7,S2.01,1301,S2.01.013,white
1,2,D,9,S2.06,69,S2.06.001,white
2,3,C,5,S2.06,134,S2.06.002,white
5,9,A,2,S2.06,400,S2.06.003,white
5,9,B,5,S2.06,423,S2.06.004,white
6,12,A,10,S2.06,560,S2.06.005,white
8,16,A,9,S2.06,744,S2.06.006,white
9,17,F,6,S2.06,811,S2.06.007,white
11,22,F,11,S2.06,1043,S2.06.008,white
13,25,H,4,S2.06,1177,S2.06.009,white
14,27,F,4,S2.06,1275,S2.06.010,white
15,29,B,1,S2.06,1351,S2.06.011,white
15,30,G,11,S2.06,1426,S2.06.012,white
1,1,A,1,S2.12,8,S2.12.001,white
1,1,C,3,S2.12,22,S2.12.002,white
2,3,C,3,S2.12,118,S2.12.003,white
2,3,D,6,S2.12,141,S2.12.004,white
6,11,D,3,S2.12,501,S2.12.005,white
6,12,B,8,S2.12,543,S2.12.006,white
6,12,G,12,S2.12,570,S2.12.007,white
7,14,C,10,S2.12,654,S2.12.008,white
11,21,A,2,S2.12,976,S2.12.009,white
13,26,A,10,S2.12,1232,S2.12.010,white
14,27,B,2,S2.12,1263,S2.12.011,white
14,28,H,8,S2.12,1305,S2.12.012,white
15,29,D,5,S2.12,1381,S2.12.013,white
1,1,B,2,S2.13,15,S2.13.001,white
5,9,A,5,S2.13,424,S2.13.002,white
7,13,E,4,S2.13,604,S2.13.003,white
7,14,H,9,S2.13,641,S2.13.004,white
7,14,C,9,S2.13,646,S2.13.005,white
8,15,F,1,S2.13,675,S2.13.006,white
9,17,B,1,S2.13,775,S2.13.007,white
9,17,H,4,S2.13,793,S2.13.008,white
11,22,E,12,S2.13,1052,S2.13.009,white
12,23,A,4,S2.13,1088,S2.13.010,white
12,23,A,5,S2.13,1096,S2.13.011,white
14,28,E,12,S2.13,1340,S2.13.012,white
1,1,H,5,S2.14,33,S2.14.001,white
3,5,A,5,S2.14,232,S2.14.002,white
3,6,F,10,S2.14,267,S2.14.003,white
3,6,E,11,S2.14,276,S2.14.004,white
4,7,H,3,S2.14,305,S2.14.005,white
4,8,C,7,S2.14,342,S2.14.006,white
7,13,H,4,S2.14,601,S2.14.007,white
8,15,H,6,S2.14,713,S2.14.008,white
9,18,H,10,S2.14,841,S2.14.009,white
10,19,G,4,S2.14,890,S2.14.010,white
11,21,G,6,S2.14,1002,S2.14.011,white
13,25,A,4,S2.14,1184,S2.14.012,white
15,30,B,9,S2.14,1415,S2.14.013,white
2,3,B,2,S2.15,111,S2.15.001,white
2,3,F,4,S2.15,123,S2.15.002,white
3,6,D,7,S2.15,245,S2.15.003,white
4,8,C,9,S2.15,358,S2.15.004,white
6,12,D,10,S2.15,557,S2.15.005,white
8,15,G,2,S2.15,682,S2.15.006,white
9,18,C,12,S2.15,862,S2.15.007,white
10,19,G,2,S2.15,874,S2.15.008,white
11,22,H,7,S2.15,1009,S2.15.009,white
12,24,E,12,S2.15,1148,S2.15.010,white
12,24,A,12,S2.15,1152,S2.15.011,white
15,29,F,5,S2.15,1379,S2.15.012,white
